{"mAP": 0.358025605632785, "AP_50": 0.5839393088911418, "AP_75": 0.3638676071558868, "AP_small": 0.021897017590372724, "AP_m": 0.1512552961755652, "AP_l": 0.4770640988762713}