{"mAP": 0.01371991812092239, "AP_50": 0.0219609414436877, "AP_75": 0.012890125835243621, "AP_small": 0.00025742574257425744, "AP_m": 0.00397719116675636, "AP_l": 0.01999610335683858}