{"mAP": 0.36030937802309493, "AP_50": 0.5792570058156391, "AP_75": 0.37235871270341153, "AP_small": 0.020788011201157575, "AP_m": 0.1520809578972698, "AP_l": 0.4809559936461872}