{"mAP": 0.0010066006600660063, "AP_50": 0.00132013201320132, "AP_75": 0.00099009900990099, "AP_small": 0.0, "AP_m": 0.0001547029702970297, "AP_l": 0.0009900990099009897}