{"mAP": 0.021387339878835964, "AP_50": 0.03353472324622474, "AP_75": 0.02067361596993381, "AP_small": 0.00025742574257425744, "AP_m": 0.006504390431939565, "AP_l": 0.03133552082367465}