{"mAP": 0.03967531014762907, "AP_50": 0.0645620545203328, "AP_75": 0.03942599111150588, "AP_small": 0.0016406748302164947, "AP_m": 0.024256105591600772, "AP_l": 0.05232854072482222}