{"mAP": 0.07787150763167068, "AP_50": 0.12688674058060487, "AP_75": 0.07597283382638294, "AP_small": 0.0032450926047681203, "AP_m": 0.041119639663596094, "AP_l": 0.10213937273905464}