{"mAP": 0.012626902197706956, "AP_50": 0.022087962313403247, "AP_75": 0.011667335183955902, "AP_small": 0.0021452145214521452, "AP_m": 0.003828967757979932, "AP_l": 0.019054512914351823}