{"mAP": 0.36031358391880725, "AP_50": 0.5792952519175122, "AP_75": 0.37238945544414187, "AP_small": 0.02078990241852164, "AP_m": 0.1520534197281598, "AP_l": 0.4809836455963948}