{
  "cls_flat": {
    "shape": [
      1,
      2125,
      20
    ],
    "mean_abs_diff": 0.012677010148763657,
    "max_abs_diff": 0.19086122512817383
  },
  "reg_flat": {
    "shape": [
      1,
      2125,
      32
    ],
    "mean_abs_diff": 0.011740393936634064,
    "max_abs_diff": 0.3235297203063965
  },
  "reg_flat_noscale": {
    "shape": [
      1,
      2125,
      32
    ],
    "mean_abs_diff": 0.011740393936634064,
    "max_abs_diff": 0.3235297203063965
  },
  "dis_raw": {
    "shape": [
      1,
      2125,
      4
    ],
    "mean_abs_diff": 0.018463358283042908,
    "max_abs_diff": 0.49898362159729004
  },
  "dis": {
    "shape": [
      1,
      2125,
      4
    ],
    "mean_abs_diff": 0.19634445011615753,
    "max_abs_diff": 4.25244140625
  },
  "bboxes": {
    "shape": [
      1,
      2125,
      4
    ],
    "mean_abs_diff": 0.15642380714416504,
    "max_abs_diff": 4.25244140625
  },
  "scores": {
    "shape": [
      1,
      2125,
      20
    ],
    "mean_abs_diff": 0.00011690073733916506,
    "max_abs_diff": 0.009269863367080688
  },
  "feat_shapes": {
    "jt": [
      [
        40,
        40
      ],
      [
        20,
        20
      ],
      [
        10,
        10
      ],
      [
        5,
        5
      ]
    ],
    "pt": [
      [
        40,
        40
      ],
      [
        20,
        20
      ],
      [
        10,
        10
      ],
      [
        5,
        5
      ]
    ]
  },
  "dis_raw_per_direction_mae": [
    0.020117895677685738,
    0.020987536758184433,
    0.015566103160381317,
    0.01718190126121044
  ],
  "dis_raw_best_perm": {
    "perm": [
      0,
      1,
      2,
      3
    ],
    "mae": 0.018463358283042908
  }
}